{
	"agents": [
		{
			"Actor": {
				"type": "agent0"
			},
			"Agent": {
				"a_max": 0.654000759124756,
				"beta": 96.5133361816406,
				"constraints": [
					-0.52202105522156,
					0.316699504852295,
					-0.09547090530396
				],
				"distance_params": {
					"separation": 3.61107921600342,
					"view": 4.47801685333252
				},
				"energy_calculations": {
					"move": 0.894232749938965,
					"move_mode": "constant",
					"predecessor": 0.033995233476162,
					"predecessor_mode": "per_successor",
					"successor": 0.912792980670929,
					"successor_constdist": 0.612460017204285,
					"successor_mode": "constant",
					"zero_energy": 8.71379661560059,
					"zero_successors": [
						"artifact0",
						"artifact3"
					]
				},
				"influences": {
					"agent0": 3.5882785320282,
					"agent1": 2.98322582244873,
					"agent2": 0.478400230407715
				},
				"movement_urges": {
					"alignment": 7.13109254837036,
					"bias": [
						-0.52046364545822,
						-0.85367661714554,
						0.479400157928467
					],
					"center": 5.77814340591431,
					"cohesion": 8.48623371124268,
					"floor": 9.34744644165039,
					"gradient": 2.76198363304138,
					"noclip": false,
					"normal": 8.77518272399902,
					"pace": 0.940221905708313,
					"random": 1.73522531986237,
					"seed": true,
					"separation": 1.04579281806946,
					"slope": 5.22576904296875
				},
				"velocity_params": {
					"max": 3.95557117462158,
					"norm": 0.740995705127716
				}
			}
		},
		{
			"Actor": {
				"type": "agent1"
			},
			"Agent": {
				"a_max": 0.0540401861071587,
				"beta": 107.189483642578,
				"constraints": [
					-0.89666843414307,
					0.485553979873657,
					-0.38529044389725
				],
				"distance_params": {
					"separation": 0.32720285654068,
					"view": 1.39743971824646
				},
				"energy_calculations": {
					"move": 1.53513097763062,
					"move_mode": "distance",
					"predecessor": 0.201869994401932,
					"predecessor_mode": "equal",
					"successor": 1.18588924407959,
					"successor_constdist": 0.288863182067871,
					"successor_mode": "constant",
					"zero_energy": 2.24730062484741,
					"zero_successors": [
						"agent0",
						"artifact2"
					]
				},
				"influences": {
					"agent0": 0.776823759078979,
					"agent1": 3.45005249977112,
					"agent2": 2.05183601379395
				},
				"movement_urges": {
					"alignment": 2.61805391311646,
					"bias": [
						-0.93742990493774,
						-0.046595454216,
						-0.54686391353607
					],
					"center": 6.84924030303955,
					"cohesion": 9.82375335693359,
					"floor": 5.15411901473999,
					"gradient": 0.406377285718918,
					"noclip": false,
					"normal": 4.42374658584595,
					"pace": 0.754932641983032,
					"random": 2.72283101081848,
					"seed": true,
					"separation": 8.08955192565918,
					"slope": 7.1039514541626
				},
				"velocity_params": {
					"max": 4.01577854156494,
					"norm": 1.86119937896729
				}
			}
		},
		{
			"Actor": {
				"type": "agent2"
			},
			"Agent": {
				"a_max": 0.923429846763611,
				"beta": 182.068161010742,
				"constraints": [
					0.278517127037048,
					0.0085979700088501,
					0.853027939796448
				],
				"distance_params": {
					"separation": 3.11095929145813,
					"view": 2.00190162658691
				},
				"energy_calculations": {
					"move": 0.766047716140747,
					"move_mode": "constant",
					"predecessor": 0.0337812453508377,
					"predecessor_mode": "constant distribution",
					"successor": 1.05223941802979,
					"successor_constdist": 0.574438571929932,
					"successor_mode": "distribute",
					"zero_energy": 0.699574291706085,
					"zero_successors": [
						"artifact1",
						"artifact0",
						"artifact1",
						"artifact0"
					]
				},
				"influences": {
					"agent0": 1.08772039413452,
					"agent1": 3.86304807662964,
					"agent2": 0.895619511604309
				},
				"movement_urges": {
					"alignment": 6.17786026000977,
					"bias": [
						0.164608001708984,
						-0.21062427759171,
						0.197373747825623
					],
					"center": 1.25964045524597,
					"cohesion": 4.7974157333374,
					"floor": 3.73973417282104,
					"gradient": 8.30562305450439,
					"noclip": false,
					"normal": 9.73538970947266,
					"pace": 6.7732949256897,
					"random": 7.16958475112915,
					"seed": false,
					"separation": 0.907010495662689,
					"slope": 4.9395112991333
				},
				"velocity_params": {
					"max": 4.62735033035278,
					"norm": 4.01535940170288
				}
			}
		}
	],
	"artifacts": [
		{
			"Actor": {
				"type": "artifact0"
			},
			"Artifact": {
				"influence_on_terrain": 7.03498229069309,
				"influences": {
					"agent0": 2.9696204662323,
					"agent1": 1.73444855213165,
					"agent2": 2.98979377746582
				}
			}
		},
		{
			"Actor": {
				"type": "artifact1"
			},
			"Artifact": {
				"influence_on_terrain": 7.50227905068063,
				"influences": {
					"agent0": 2.27342820167542,
					"agent1": 3.85240054130554,
					"agent2": 2.50729370117188
				}
			}
		},
		{
			"Actor": {
				"type": "artifact2"
			},
			"Artifact": {
				"influence_on_terrain": 5.13294761327888,
				"influences": {
					"agent0": 0.770452558994293,
					"agent1": 2.05378246307373,
					"agent2": 1.51388740539551
				}
			}
		},
		{
			"Actor": {
				"type": "artifact3"
			},
			"Artifact": {
				"influence_on_terrain": 4.15799426497092,
				"influences": {
					"agent0": 0.468744307756424,
					"agent1": 4.02385902404785,
					"agent2": 0.948092639446259
				}
			}
		}
	],
	"first_generation": [
		"agent0",
		"agent1",
		"agent2"
	],
	"productions": [
		{
			"context": "agent0",
			"distance": 1.73352479934692,
			"persist": true,
			"predecessor": "agent0",
			"successor": [
				"agent1",
				"artifact0"
			],
			"theta": 1.18040549755096
		},
		{
			"context": "artifact2",
			"distance": 3.40695738792419,
			"persist": false,
			"predecessor": "agent1",
			"successor": [
				"agent0",
				"agent1"
			],
			"theta": 29.8830299377441
		},
		{
			"context": "agent2",
			"distance": 0.399675488471985,
			"persist": true,
			"predecessor": "agent1",
			"successor": [
				"artifact2"
			],
			"theta": 61.8894348144531
		}
	],
	"t": 1,
	"terrain_size": 100
}
