{
	"agents": [
		{
			"Actor": {
				"type": "agent0"
			},
			"Agent": {
				"a_max": 0.045899011194706,
				"beta": 149.284103393555,
				"constraints": [
					-0.90505117177963,
					0.329923748970032,
					-0.06259542703629
				],
				"distance_params": {
					"separation": 0.883048295974731,
					"view": 1.95913910865784
				},
				"energy_calculations": {
					"move": 0.719161331653595,
					"move_mode": "constant",
					"predecessor": 0.642926931381226,
					"predecessor_mode": "constant",
					"successor": 0.750338733196259,
					"successor_constdist": 1.28158783912659,
					"successor_mode": "inherit",
					"zero_energy": 4.99929428100586,
					"zero_successors": [
						"agent2"
					]
				},
				"influences": {
					"agent0": 4.31636381149292,
					"agent1": 0.317570835351944,
					"agent2": 2.36325550079346,
					"agent3": 3.31249833106995,
					"agent4": 1.41544568538666
				},
				"movement_urges": {
					"alignment": 8.35696411132813,
					"bias": [
						-0.58633828163147,
						0.00498247146606445,
						0.88020396232605
					],
					"center": 6.43184375762939,
					"cohesion": 0.679197609424591,
					"floor": 0.959079742431641,
					"gradient": 1.64741265773773,
					"noclip": true,
					"normal": 6.21370983123779,
					"pace": 5.83893966674805,
					"random": 7.93349313735962,
					"seed": false,
					"separation": 8.30621528625488,
					"slope": 1.72884583473206
				},
				"velocity_params": {
					"max": 4.28258228302002,
					"norm": 3.09025907516479
				}
			}
		},
		{
			"Actor": {
				"type": "agent1"
			},
			"Agent": {
				"a_max": 0.674188435077667,
				"beta": 200.194046020508,
				"constraints": [
					-0.25384879112244,
					0.99213182926178,
					0.623567223548889
				],
				"distance_params": {
					"separation": 1.89956784248352,
					"view": 4.81451892852783
				},
				"energy_calculations": {
					"move": 0.866921424865723,
					"move_mode": "distance",
					"predecessor": 0.293095737695694,
					"predecessor_mode": "per_successor",
					"successor": 0.132777065038681,
					"successor_constdist": 0.964982032775879,
					"successor_mode": "constant",
					"zero_energy": 3.04514217376709,
					"zero_successors": []
				},
				"influences": {
					"agent0": 2.07030177116394,
					"agent1": 3.63096356391907,
					"agent2": 3.76943325996399,
					"agent3": 3.48943185806274,
					"agent4": 3.35205578804016
				},
				"movement_urges": {
					"alignment": 8.05494117736816,
					"bias": [
						0.398356437683105,
						0.8315589427948,
						0.0257591009140015
					],
					"center": 6.66525650024414,
					"cohesion": 5.65466690063477,
					"floor": 7.26844549179077,
					"gradient": 6.07145261764526,
					"noclip": true,
					"normal": 0.00903660524636507,
					"pace": 8.10063743591309,
					"random": 4.41823863983154,
					"seed": true,
					"separation": 9.46794891357422,
					"slope": 2.29378914833069
				},
				"velocity_params": {
					"max": 2.15511178970337,
					"norm": 1.25666153430939
				}
			}
		},
		{
			"Actor": {
				"type": "agent2"
			},
			"Agent": {
				"a_max": 0.294595807790756,
				"beta": 50.7730751037598,
				"constraints": [
					0.353285670280457,
					0.904352784156799,
					-0.14655083417892
				],
				"distance_params": {
					"separation": 3.12083268165588,
					"view": 3.31012916564941
				},
				"energy_calculations": {
					"move": 1.18876111507416,
					"move_mode": "constant",
					"predecessor": 1.33855950832367,
					"predecessor_mode": "equal",
					"successor": 1.9084575176239,
					"successor_constdist": 1.7636411190033,
					"successor_mode": "distribute",
					"zero_energy": 8.5241756439209,
					"zero_successors": [
						"artifact0",
						"agent0",
						"artifact0",
						"agent0",
						"artifact1"
					]
				},
				"influences": {
					"agent0": 1.39805817604065,
					"agent1": 3.57333087921143,
					"agent2": 0.801936984062195,
					"agent3": 1.04464364051819,
					"agent4": 2.04950380325317
				},
				"movement_urges": {
					"alignment": 1.97609412670136,
					"bias": [
						0.0243864059448242,
						0.370744466781616,
						0.367733716964722
					],
					"center": 8.47648811340332,
					"cohesion": 3.6460292339325,
					"floor": 5.64160776138306,
					"gradient": 3.13433623313904,
					"noclip": true,
					"normal": 9.27956676483154,
					"pace": 8.89448928833008,
					"random": 0.184606775641441,
					"seed": false,
					"separation": 4.48071384429932,
					"slope": 0.687895059585571
				},
				"velocity_params": {
					"max": 2.21374464035034,
					"norm": 2.78126430511475
				}
			}
		},
		{
			"Actor": {
				"type": "agent3"
			},
			"Agent": {
				"a_max": 0.724311769008636,
				"beta": 138.0986328125,
				"constraints": [
					0.493305325508118,
					-0.70773696899414,
					-0.41846454143524
				],
				"distance_params": {
					"separation": 3.30040645599365,
					"view": 2.54379653930664
				},
				"energy_calculations": {
					"move": 1.65182781219482,
					"move_mode": "distance",
					"predecessor": 1.29624855518341,
					"predecessor_mode": "constant",
					"successor": 1.48380637168884,
					"successor_constdist": 1.33866310119629,
					"successor_mode": "distribute",
					"zero_energy": 6.09634876251221,
					"zero_successors": [
						"agent2"
					]
				},
				"influences": {
					"agent0": 2.46093273162842,
					"agent1": 4.50143432617188,
					"agent2": 3.51030111312866,
					"agent3": 1.95746910572052,
					"agent4": 4.94739198684692
				},
				"movement_urges": {
					"alignment": 8.19391059875488,
					"bias": [
						0.706481456756592,
						0.303235054016113,
						0.726807713508606
					],
					"center": 4.35421514511108,
					"cohesion": 3.88183116912842,
					"floor": 5.1760892868042,
					"gradient": 7.31118774414063,
					"noclip": false,
					"normal": 6.7460560798645,
					"pace": 2.05157136917114,
					"random": 4.55581617355347,
					"seed": false,
					"separation": 8.28132247924805,
					"slope": 1.17315721511841
				},
				"velocity_params": {
					"max": 3.71623873710632,
					"norm": 4.82526826858521
				}
			}
		},
		{
			"Actor": {
				"type": "agent4"
			},
			"Agent": {
				"a_max": 0.12676714360714,
				"beta": 319.361877441406,
				"constraints": [
					0.100193500518799,
					0.0901553630828857,
					0.981299042701721
				],
				"distance_params": {
					"separation": 0.374332189559937,
					"view": 2.78023195266724
				},
				"energy_calculations": {
					"move": 0.543416440486908,
					"move_mode": "constant",
					"predecessor": 0.138183951377869,
					"predecessor_mode": "per_successor",
					"successor": 1.66511607170105,
					"successor_constdist": 0.317168831825256,
					"successor_mode": "inherit",
					"zero_energy": 9.01424789428711,
					"zero_successors": [
						"agent3",
						"artifact1",
						"agent0"
					]
				},
				"influences": {
					"agent0": 1.39990985393524,
					"agent1": 4.4246826171875,
					"agent2": 2.55449652671814,
					"agent3": 4.12375545501709,
					"agent4": 3.90805625915527
				},
				"movement_urges": {
					"alignment": 5.032958984375,
					"bias": [
						-0.69080781936646,
						-0.53463137149811,
						-0.83247303962708
					],
					"center": 5.20401191711426,
					"cohesion": 4.26296806335449,
					"floor": 9.94557952880859,
					"gradient": 5.13250255584717,
					"noclip": false,
					"normal": 2.68524193763733,
					"pace": 8.19408798217773,
					"random": 5.00530195236206,
					"seed": true,
					"separation": 5.99946928024292,
					"slope": 9.15490341186523
				},
				"velocity_params": {
					"max": 2.85537815093994,
					"norm": 4.2079906463623
				}
			}
		}
	],
	"artifacts": [
		{
			"Actor": {
				"type": "artifact0"
			},
			"Artifact": {
				"influence_on_terrain": 2.30634791820613,
				"influences": {
					"agent0": 4.83264398574829,
					"agent1": 1.71286165714264,
					"agent2": 1.93500888347626,
					"agent3": 0.142343625426292,
					"agent4": 4.84354162216187
				}
			}
		},
		{
			"Actor": {
				"type": "artifact1"
			},