{
	"agents": [
		{
			"Actor": {
				"type": "agent0"
			},
			"Agent": {
				"a_max": 0.281623184680939,
				"beta": 119.508308410645,
				"constraints": [
					-0.60292088985443,
					-0.29914844036102,
					-0.39070951938629
				],
				"distance_params": {
					"separation": 0.434023082256317,
					"view": 2.48505306243896
				},
				"energy_calculations": {
					"move": 1.0731006860733,
					"move_mode": "constant",
					"predecessor": 0.682640790939331,
					"predecessor_mode": "constant distribution",
					"successor": 0.489555448293686,
					"successor_constdist": 0.909029543399811,
					"successor_mode": "distribute",
					"zero_energy": 5.26121187210083,
					"zero_successors": [
						"agent3"
					]
				},
				"influences": {
					"agent0": 0.719564080238342,
					"agent1": 1.62318468093872,
					"agent2": 2.35638737678528,
					"agent3": 3.36616992950439,
					"agent4": 4.32584857940674
				},
				"movement_urges": {
					"alignment": 8.37279224395752,
					"bias": [
						-0.94817984104156,
						-0.79631161689758,
						-0.69748497009277
					],
					"center": 3.70652890205383,
					"cohesion": 1.74298143386841,
					"floor": 2.98654294013977,
					"gradient": 5.85359144210815,
					"noclip": false,
					"normal": 6.33197784423828,
					"pace": 0.314722687005997,
					"random": 1.85232508182526,
					"seed": false,
					"separation": 1.81312906742096,
					"slope": 7.53491449356079
				},
				"velocity_params": {
					"max": 1.87388277053833,
					"norm": 3.98128056526184
				}
			}
		},
		{
			"Actor": {
				"type": "agent1"
			},
			"Agent": {
				"a_max": 0.336835891008377,
				"beta": 294.750152587891,
				"constraints": [
					0.722566246986389,
					-0.30529761314392,
					0.320701837539673
				],
				"distance_params": {
					"separation": 0.623553693294525,
					"view": 2.08318090438843
				},
				"energy_calculations": {
					"move": 1.34946477413177,
					"move_mode": "constant",
					"predecessor": 1.81972527503967,
					"predecessor_mode": "equal",
					"successor": 0.328607648611069,
					"successor_constdist": 1.95758521556854,
					"successor_mode": "distribute",
					"zero_energy": 1.70559394359589,
					"zero_successors": [
						"agent2",
						"agent4"
					]
				},
				"influences": {
					"agent0": 2.54304361343384,
					"agent1": 0.348606079816818,
					"agent2": 1.99437165260315,
					"agent3": 4.04874992370605,
					"agent4": 2.29565000534058
				},
				"movement_urges": {
					"alignment": 7.03850173950195,
					"bias": [
						-0.88044589757919,
						-0.85413134098053,
						-0.18879723548889
					],
					"center": 8.01226234436035,
					"cohesion": 4.06975030899048,
					"floor": 8.60284519195557,
					"gradient": 9.64742088317871,
					"noclip": true,
					"normal": 3.14007472991943,
					"pace": 4.70070648193359,
					"random": 8.24408054351807,
					"seed": false,
					"separation": 9.19826507568359,
					"slope": 9.60855865478516
				},
				"velocity_params": {
					"max": 2.7667441368103,
					"norm": 1.86302423477173
				}
			}
		},
		{
			"Actor": {
				"type": "agent2"
			},
			"Agent": {
				"a_max": 0.136840417981148,
				"beta": 266.375701904297,
				"constraints": [
					0.348072409629822,
					0.809548497200012,
					-0.67236435413361
				],
				"distance_params": {
					"separation": 2.75108098983765,
					"view": 1.05361521244049
				},
				"energy_calculations": {
					"move": 0.680540800094604,
					"move_mode": "distance",
					"predecessor": 0.0293654818087816,
					"predecessor_mode": "per_successor",
					"successor": 0.859081447124481,
					"successor_constdist": 1.72932505607605,
					"successor_mode": "constant_distribute",
					"zero_energy": 6.20946311950684,
					"zero_successors": []
				},
				"influences": {
					"agent0": 2.37643814086914,
					"agent1": 3.82781457901001,
					"agent2": 4.62364959716797,
					"agent3": 0.112043954432011,
					"agent4": 0.275909304618835
				},
				"movement_urges": {
					"alignment": 1.23591613769531,
					"bias": [
						-0.93206536769867,
						0.237495064735413,
						0.376893520355225
					],
					"center": 0.767732739448547,
					"cohesion": 9.4131965637207,
					"floor": 7.1522045135498,
					"gradient": 2.58634757995605,
					"noclip": false,
					"normal": 0.31663390994072,
					"pace": 6.73330593109131,
					"random": 7.99721431732178,
					"seed": false,
					"separation": 2.04828190803528,
					"slope": 5.11119890213013
				},
				"velocity_params": {
					"max": 3.1249041557312,
					"norm": 4.94916534423828
				}
			}
		},
		{
			"Actor": {
				"type": "agent3"
			},
			"Agent": {
				"a_max": 0.48320996761322,
				"beta": 57.8523826599121,
				"constraints": [
					0.813502788543701,
					0.352342963218689,
					0.518658995628357
				],
				"distance_params": {
					"separation": 2.86742472648621,
					"view": 1.53476142883301
				},
				"energy_calculations": {
					"move": 0.414100825786591,
					"move_mode": "distance",
					"predecessor": 1.64579319953918,
					"predecessor_mode": "per_successor",
					"successor": 0.523177564144135,
					"successor_constdist": 0.909433782100677,
					"successor_mode": "constant_distribute",
					"zero_energy": 3.6195170879364,
					"zero_successors": [
						"artifact0",
						"agent0",
						"agent0",
						"agent2"
					]
				},
				"influences": {
					"agent0": 2.99385070800781,
					"agent1": 3.80258107185364,
					"agent2": 4.56847715377808,
					"agent3": 0.782562017440796,
					"agent4": 0.104743927717209
				},
				"movement_urges": {
					"alignment": 9.50628089904785,
					"bias": [
						-0.91763705015182,
						0.607797622680664,
						-0.31661969423294
					],
					"center": 7.37739610671997,
					"cohesion": 3.83314800262451,
					"floor": 4.71464395523071,
					"gradient": 3.9964337348938,
					"noclip": true,
					"normal": 4.29402923583984,
					"pace": 4.91534280776978,
					"random": 0.887549459934235,
					"seed": true,
					"separation": 6.49268627166748,
					"slope": 7.70661354064941
				},
				"velocity_params": {
					"max": 3.0887336730957,
					"norm": 0.25240096449852
				}
			}
		},
		{
			"Actor": {
				"type": "agent4"
			},
			"Agent": {
				"a_max": 0.447919279336929,
				"beta": 53.6966857910156,
				"constraints": [
					-0.36710065603256,
					-0.2176199555397,
					0.653809785842896
				],
				"distance_params": {
					"separation": 1.78084182739258,
					"view": 3.80071806907654
				},
				"energy_calculations": {
					"move": 1.27294743061066,
					"move_mode": "distance",
					"predecessor": 0.943558990955353,
					"predecessor_mode": "constant distribution",
					"successor": 1.75532722473145,
					"successor_constdist": 1.92062830924988,
					"successor_mode": "inherit",
					"zero_energy": 0.808942675590515,
					"zero_successors": [
						"agent3",
						"artifact0",
						"artifact0"
					]
				},
				"influences": {
					"agent0": 3.52341437339783,
					"agent1": 0.707782566547394,
					"agent2": 1.51265251636505,
					"agent3": 1.86078953742981,
					"agent4": 4.37117147445679
				},
				"movement_urges": {
					"alignment": 6.18812084197998,
					"bias": [
						-0.13891625404358,
						-0.6985912322998,
						0.928313016891479
					],
					"center": 6.95114040374756,
					"cohesion": 6.64716911315918,
					"floor": 0.294529616832733,
					"gradient": 2.89280200004578,
					"noclip": false,
					"normal": 2.89544558525085,
					"pace": 7.69750785827637,
					"random": 7.86368370056152,
					"seed": false,
					"separation": 1.45811676979065,
					"slope": 0.0556634701788425
				},
				"velocity_params": {
					"max": 0.0427162200212479,
					"norm": 1.55540490150452
				}
			}
		}
	],
	"artifacts": [
		{
			"Actor": {
				"type": "artifact0"
			},
			"Artifact": {
				"influence_on_terrain": 9.44935344953093,
				"influences": {
					"agent0": 0.892098248004913,
					"agent1": 2.6298520565033,
					"agent2": 4.09934568405151,
					"agent3": 2.93765997886658,
					"agent4": 4.81807279586792
				}
			}
		}
	],